{"cameraMode":{"drawMode":0,"name":"Shaded","section":"Shading Mode"},"sceneLighting":true,"audioPlay":false,"sceneViewState":{"m_AlwaysRefresh":false,"showFog":true,"showSkybox":true,"showFlares":true,"showImageEffects":true,"showParticleSystems":true,"showVisualEffectGraphs":true,"m_FxEnabled":true},"in2DMode":false,"pivot":{"x":3.4329264163970949,"y":17.745866775512697,"z":-2.4149627685546877},"rotation":{"x":0.03416170924901962,"y":-0.036873459815979007,"z":-0.0012653674930334092,"w":-0.9987769722938538},"size":18.291921615600587,"orthographic":false}